{
  "summary": {
    "revenue": {
      "count": 120.0,
      "mean": 10262.669187070818,
      "std": 2692.5362679473737,
      "min": 8379.921972283622,
      "25%": 9506.025920893884,
      "50%": 9975.952697953693,
      "75%": 10515.184048378127,
      "max": 38170.203645728114
    },
    "orders": {
      "count": 120.0,
      "mean": 205.85,
      "std": 58.84128345520229,
      "min": 161.0,
      "25%": 191.75,
      "50%": 201.5,
      "75%": 211.0,
      "max": 828.0
    },
    "avg_order_value": {
      "count": 120.0,
      "mean": 50.35230655678764,
      "std": 6.0871258982161,
      "min": 40.19485005823261,
      "25%": 45.065256162315336,
      "50%": 49.76674529003289,
      "75%": 56.47371498679828,
      "max": 59.83617407166202
    }
  },
  "correlations": {
    "revenue": {
      "revenue": 1.0,
      "orders": 0.9765853940717647,
      "avg_order_value": 0.11297533423280956
    },
    "orders": {
      "revenue": 0.9765853940717647,
      "orders": 1.0,
      "avg_order_value": 0.1148116819570731
    },
    "avg_order_value": {
      "revenue": 0.11297533423280956,
      "orders": 0.1148116819570731,
      "avg_order_value": 1.0
    }
  },
  "anomalies": {
    "revenue": [
      38170.203645728114
    ],
    "orders": [
      828.0
    ]
  },
  "columns": [
    "date",
    "revenue",
    "orders",
    "avg_order_value"
  ],
  "rows": 120
}